{
  "mean": [
    1502.751708984375,
    1277.7227783203125,
    1154.8018798828125,
    1102.412109375,
    1224.8095703125,
    1653.058837890625,
    1867.3406982421875,
    1780.694580078125,
    537.0185546875,
    14.00031852722168,
    1634.3953857421875,
    1162.8231201171875,
    1988.0841064453125
  ],
  "std": [
    193.36358642578125,
    324.3682556152344,
    396.74835205078125,
    547.9774169921875,
    502.4173583984375,
    639.4468994140625,
    761.7947998046875,
    789.48486328125,
    263.2188415527344,
    9.776803970336914,
    759.2539672851562,
    625.78076171875,
    850.2403564453125
  ],
  "eps": 1e-06
}